﻿<?xml version="1.0" encoding="utf-8"?><meta xmlns:xsi="http://www.w3.org/2001/XMLSchema-instance" xmlns:xsd="http://www.w3.org/2001/XMLSchema"><project id="5jNd85wOT1H" courseid="5gEAemgVlg1_course_id" thumburl="story_content/thumbnail.jpg" title="HG- MRI X Using the Calendar" datepublished="2016-08-19T00:04:30" version="1.0.0.0" flashdata="story_content/data.swf" html5data="mobile/data.js" mobiledata="mobile/data.gz" enabledownload="true" duration="About 6 minutes" totalaudio="0" totalvideo="373800"><description>You will learn how to define the difference between the activity date and the scheduled date, process various calendar activities, advance the activity date and undo a move.</description><keywords /><slidemeta moniker="slide" monikerplural="slides" viewslides="1" slidecountdescription="1 slide" /><author name="Jessica Dodge" email="" website="" /><application name="Articulate Storyline" version="2.9.1605.1919" xmlversion="3.5" /></project></meta>